id,title,slug,excerpt,content,category,tags,author,published_at,updated_at,is_published,read_time,meta_title,meta_description,seo_keywords,created_at
1,Как получить займ в МФО: пошаговая инструкция,kak-poluchit-zaim,Подробное руководство по оформлению микрокредита от выбора МФО до получения денег на карту.,"# Как получить займ в МФО: пошаговая инструкция

Получение займа в микрофинансовой организации (МФО) — это быстрый способ решить финансовые проблемы. В этой статье мы расскажем, как правильно оформить микрокредит.

## Шаг 1: Выбор МФО

Перед подачей заявки важно выбрать надежную МФО:

- Проверьте лицензию на сайте Банка России
- Изучите отзывы клиентов
- Сравните условия разных организаций
- Обратите внимание на процентную ставку

## Шаг 2: Подготовка документов

Для получения займа потребуются:

- Паспорт гражданина РФ
- СНИЛС
- Справка о доходах (не всегда)
- Банковская карта для получения средств

## Шаг 3: Подача заявки

Заявку можно подать:

- Онлайн на сайте МФО
- В мобильном приложении
- В офисе организации

## Шаг 4: Ожидание решения

Рассмотрение заявки занимает от 5 минут до нескольких часов. При положительном решении деньги поступят на карту в течение 15 минут.

## Заключение

Следуя этой инструкции, вы сможете быстро и безопасно получить займ в МФО. Помните о своевременном погашении долга, чтобы избежать штрафов.",Инструкции,"[""займ"",""МФО"",""инструкция"",""документы""]",Редакция МФО Витрина,2024-01-15 10:00:00+00,2024-01-15 10:00:00+00,true,5,Как получить займ в МФО: пошаговая инструкция 2024,"Подробное руководство по получению займа в МФО. Выбор организации, подготовка документов, подача заявки. Советы экспертов.","[""займ в МФО"",""как получить займ"",""микрокредит"",""заявка на займ""]",2025-06-10 09:32:59.06227+00
1749399209513,"Всем привет, я тут newbie ",sosi-sosi,фыорвлгфрывлрфылрвлофрылв,"<b>HELLO</b> HELLO <img src=""https://avatars.mds.yandex.net/i?id=4dc93552f98eabbc3b0045b0a8da1b18_l-9625733-images-thumbs&n=13"">

- Lol
- lol
- LOL
- LOL
# somehuy
[pisisa](https://zaimoshop.ru/6845641253a07)",Акции,"[""123123""]",Редакция МФО Витрина,2025-06-08 16:13:29.513+00,2025-06-08 16:49:20.02+00,true,1,"Всем привет, я тут newbie ",ф,[],2025-06-10 09:32:59.463562+00
2,Первый займ под 0%: как это работает,pervyj-zaim-0-protsentov,Разбираем акции МФО с нулевой процентной ставкой для новых клиентов. Условия и подводные камни.,"# Первый займ под 0%: как это работает

Многие МФО предлагают новым клиентам займы под 0% годовых. Разберем, как работают такие акции и на что обратить внимание.

## Что такое займ под 0%

Займ под 0% — это акция для новых клиентов, при которой не начисляются проценты за пользование деньгами в течение определенного периода.

## Условия акции

Типичные условия:

- Сумма до 15 000 рублей
- Срок до 30 дней
- Только для новых клиентов
- Своевременное погашение

## Подводные камни

Обратите внимание на:

- Комиссии за обслуживание
- Штрафы за просрочку
- Автоматическое продление займа
- Скрытые платежи

## Как воспользоваться акцией

1. Выберите МФО с выгодными условиями
2. Внимательно прочитайте договор
3. Рассчитайте дату погашения
4. Погасите займ вовремя

## Заключение

Займы под 0% — отличная возможность решить краткосрочные финансовые проблемы без переплат. Главное — внимательно изучить условия и погасить долг вовремя.",Акции,"[""займ под 0%"",""акции МФО"",""новые клиенты"",""беспроцентный займ""]",Редакция МФО Витрина,2024-01-10 10:00:00+00,2024-01-10 10:00:00+00,true,7,Первый займ под 0% в МФО: условия и подводные камни,"Как получить займ под 0% для новых клиентов. Условия акций МФО, скрытые комиссии и советы по оформлению.","[""займ под 0%"",""беспроцентный займ"",""акции МФО"",""первый займ""]",2025-06-10 09:32:59.156027+00
3,Требования МФО к заемщикам в 2024 году,trebovaniya-mfo,"Какие документы нужны для получения займа, возрастные ограничения и другие требования.","# Требования МФО к заемщикам в 2024 году

Каждая МФО устанавливает свои требования к заемщикам. Рассмотрим основные критерии, которые нужно соблюдать для получения займа.

## Возрастные ограничения

- Минимальный возраст: 18 лет
- Максимальный возраст: обычно 70-75 лет
- Некоторые МФО ограничивают возраст 65 годами

## Гражданство и регистрация

- Гражданство РФ (обязательно)
- Постоянная или временная регистрация
- Фактическое проживание в России

## Необходимые документы

Основные документы:

- Паспорт РФ
- СНИЛС
- Банковская карта

Дополнительные документы:

- Справка о доходах
- Трудовая книжка
- Водительские права

## Требования к доходам

- Официальный доход (не всегда обязательно)
- Минимальный доход от 10 000 рублей
- Стаж работы от 3 месяцев

## Кредитная история

- Плохая КИ не всегда препятствие
- Некоторые МФО не проверяют БКИ
- Текущие просрочки могут стать препятствием

## Заключение

Требования МФО довольно лояльные по сравнению с банками. Главное — соответствовать базовым критериям и предоставить необходимые документы.",Требования,"[""требования МФО"",""документы для займа"",""возраст заемщика"",""кредитная история""]",Редакция МФО Витрина,2024-01-05 10:00:00+00,2024-01-05 10:00:00+00,true,4,Требования МФО к заемщикам в 2024: документы и условия,"Полный список требований МФО к заемщикам. Возрастные ограничения, необходимые документы, требования к доходам.","[""требования МФО"",""документы для займа"",""условия получения займа"",""заемщик МФО""]",2025-06-10 09:32:59.254107+00
4,Займы с плохой кредитной историей,kreditnaya-istoriya,Как получить микрокредит при испорченной кредитной истории. Список лояльных МФО.,"# Займы с плохой кредитной историей

Плохая кредитная история не приговор. Многие МФО готовы выдать займ даже заемщикам с просрочками. Рассказываем, как получить деньги с испорченной КИ.

## Что такое плохая кредитная история

Плохой считается КИ с:

- Просрочками по кредитам
- Невыплаченными долгами
- Статусом ""безнадежный долг""
- Низким кредитным рейтингом

## МФО, которые не проверяют КИ

Некоторые организации не обращают внимания на кредитную историю:

- Займер
- Быстроденьги
- МигКредит
- Веббанкир

## Как повысить шансы на одобрение

1. Подавайте заявки в несколько МФО
2. Начните с небольшой суммы
3. Укажите все доходы
4. Предоставьте дополнительные документы

## Альтернативные способы

- Займы под залог
- Займы с поручителем
- P2P кредитование
- Займы у частных лиц

## Как исправить кредитную историю

- Погашайте текущие долги
- Оформите кредитную карту
- Делайте небольшие покупки в рассрочку
- Следите за своим кредитным рейтингом

## Заключение

Плохая кредитная история — не препятствие для получения займа в МФО. Главное — выбрать подходящую организацию и соблюдать условия договора.",Кредитная история,"[""плохая кредитная история"",""займ с просрочками"",""лояльные МФО"",""исправление КИ""]",Редакция МФО Витрина,2024-01-01 10:00:00+00,2024-01-01 10:00:00+00,true,6,Займы с плохой кредитной историей: где получить в 2024,"Как получить займ с плохой кредитной историей. Список лояльных МФО, советы по повышению шансов на одобрение.","[""займ с плохой КИ"",""плохая кредитная история"",""лояльные МФО"",""займ с просрочками""]",2025-06-10 09:32:59.367068+00